[
    {
        "id": 1,
        "name": "Apples",
        "price": 3.50,
         "image":"image/atta.jpg"
    },
    {
        "id": 2,
        "name": "Bananas",
        "price": 1.20,
        "image":"image/atta.jpg"
    },
    {
        "id": 3,
        "name": "Milk",
        "price": 2.99,
        "image":"image/atta.jpg"
    },
    {
        "id": 4,
        "name": "Bread",
        "price": 2.50,
        "image":"image/atta.jpg"
    },
    {
        "id": 5,
        "name": "Rice",
        "price": 4.75,
        "image":"image/atta.jpg"
    },
    {
        "id": 6,
        "name": "Eggs",
        "price": 3.99,
        "image":"image/atta.jpg"
    },
    {
        "id": 7,
        "name": "Chicken",
        "price": 7.99,
        "image":"image/atta.jpg"
    },
    {
        "id": 8,
        "name": "Potatoes",
        "price": 2.30,
        "image":"image/atta.jpg"
    },
    {
        "id": 9,
        "name": "Tomatoes",
        "price": 2.80,
        "image":"image/atta.jpg"
    },
    {
        "id": 10,
        "name": "Onions",
        "price": 1.50,
        "image":"image/atta.jpg"
    }
]
